[
    {
        "model": "steambird.teacher",
        "pk": 1,
        "fields": {
            "titles": "dr.ir.",
            "initials": "D.",
            "first_name": "Dennis",
            "surname_prefix": null,
            "last_name": "Reidsma",
            "email": "d.reidsma@utwente.nl",
            "active": true,
            "retired": false,
            "user": 2
        }
    },
    {
        "model": "steambird.teacher",
        "pk": 2,
        "fields": {
            "titles": "dr.",
            "initials": "L.",
            "first_name": "Lichin",
            "surname_prefix": null,
            "last_name": "Brouwers-Ren",
            "email": "l.ren@utwente.nl",
            "active": true,
            "retired": false,
            "user": 3
        }
    },
    {
        "model": "steambird.teacher",
        "pk": 3,
        "fields": {
            "titles": "dr.",
            "initials": "F.A.",
            "first_name": "Faiza",
            "surname_prefix": null,
            "last_name": "Bukhsh",
            "email": "f.a.bukhsh@utwente.nl",
            "active": true,
            "retired": false,
            "user": 4
        }
    },
    {
        "model": "steambird.teacher",
        "pk": 4,
        "fields": {
            "titles": "dr.",
            "initials": "A.",
            "first_name": "Ansgar",
            "surname_prefix": null,
            "last_name": "Fehnker",
            "email": "ansgar.fehnker@utwente.nl",
            "active": true,
            "retired": false,
            "user": 5
        }
    },
    {
        "model": "steambird.teacher",
        "pk": 5,
        "fields": {
            "titles": "ing.",
            "initials": "P.P.E.",
            "first_name": "Pollus",
            "surname_prefix": null,
            "last_name": "Fornerod",
            "email": "pollus.fornerod@utwente.nl",
            "active": true,
            "retired": false,
            "user": 6
        }
    },
    {
        "model": "steambird.teacher",
        "pk": 6,
        "fields": {
            "titles": "dr.ir.",
            "initials": "J.",
            "first_name": "Jasper",
            "surname_prefix": null,
            "last_name": "Goseling",
            "email": "j.goseling@utwente.nl",
            "active": true,
            "retired": false,
            "user": 7
        }
    },
    {
        "model": "steambird.teacher",
        "pk": 7,
        "fields": {
            "titles": null,
            "initials": "T.H.",
            "first_name": "Thea",
            "surname_prefix": "de",
            "last_name": "Kluijver",
            "email": "t.h.dekluijver@utwente.nl",
            "active": true,
            "retired": false,
            "user": 8
        }
    },
    {
        "model": "steambird.teacher",
        "pk": 8,
        "fields": {
            "titles": "dr.",
            "initials": "A.H.",
            "first_name": "Angelika",
            "surname_prefix": null,
            "last_name": "Mader",
            "email": "a.h.mader@utwente.nl",
            "active": true,
            "retired": false,
            "user": 9
        }
    },
    {
        "model": "steambird.teacher",
        "pk": 9,
        "fields": {
            "titles": "ing.",
            "initials": "M.",
            "first_name": "Merijn",
            "surname_prefix": null,
            "last_name": "Reerink",
            "email": "m.reerink@utwente.nl",
            "active": true,
            "retired": false,
            "user": 10
        }
    },
    {
        "model": "steambird.teacher",
        "pk": 10,
        "fields": {
            "titles": null,
            "initials": "A.",
            "first_name": "Annemarie",
            "surname_prefix": null,
            "last_name": "Ridder",
            "email": "a.ridder@utwente.nl",
            "active": true,
            "retired": false,
            "user": 11
        }
    },
    {
        "model": "steambird.teacher",
        "pk": 11,
        "fields": {
            "titles": "ing.",
            "initials": "F.",
            "first_name": "Fjodor",
            "surname_prefix": "van",
            "last_name": "Slooten",
            "email": "f.vanslooten@utwente.nl",
            "active": true,
            "retired": false,
            "user": 12
        }
    },
    {
        "model": "steambird.teacher",
        "pk": 12,
        "fields": {
            "titles": "dr.",
            "initials": "M.R.",
            "first_name": "Martin",
            "surname_prefix": null,
            "last_name": "Stienstra",
            "email": "m.r.stienstra@utwente.nl",
            "active": true,
            "retired": false,
            "user": 13
        }
    },
    {
        "model": "steambird.teacher",
        "pk": 13,
        "fields": {
            "titles": "ir.",
            "initials": "E.L.",
            "first_name": "Eddy",
            "surname_prefix": "de",
            "last_name": "Weerd",
            "email": "e.l.deweerd@utwente.nl",
            "active": true,
            "retired": false,
            "user": 14
        }
    },
    {
        "model": "steambird.teacher",
        "pk": 14,
        "fields": {
            "titles": "dr.",
            "initials": "M.",
            "first_name": "Mariet",
            "surname_prefix": null,
            "last_name": "Theune",
            "email": "m.theune@utwente.nl",
            "active": true,
            "retired": false,
            "user": 15
        }
    },
    {
        "model": "steambird.teacher",
        "pk": 15,
        "fields": {
            "titles": "ir.",
            "initials": "J.",
            "first_name": "Hans",
            "surname_prefix": null,
            "last_name": "Scholten",
            "email": "j.scholten@utwente.nl",
            "active": true,
            "retired": false,
            "user": 16
        }
    },
    {
        "model": "steambird.teacher",
        "pk": 16,
        "fields": {
            "titles": null,
            "initials": "J.F.H.",
            "first_name": "Jeroen",
            "surname_prefix": null,
            "last_name": "Beeloo",
            "email": "j.f.h.beeloo@utwente.nl",
            "active": true,
            "retired": false,
            "user": null
        }
    },
    {
        "model": "steambird.teacher",
        "pk": 17,
        "fields": {
            "titles": "dr.",
            "initials": "M.C.",
            "first_name": "Mike",
            "surname_prefix": null,
            "last_name": "Boldy",
            "email": "m.c.boldy@utwente.nl",
            "active": true,
            "retired": false,
            "user": 18
        }
    },
    {
        "model": "steambird.teacher",
        "pk": 18,
        "fields": {
            "titles": "dr.ir.",
            "initials": "E.C.",
            "first_name": "Edwin",
            "surname_prefix": null,
            "last_name": "Dertien",
            "email": "e.dertien@utwente.nl",
            "active": true,
            "retired": false,
            "user": 19
        }
    },
    {
        "model": "steambird.teacher",
        "pk": 19,
        "fields": {
            "titles": "dr.ir.",
            "initials": "E.J.",
            "first_name": "Erik",
            "surname_prefix": null,
            "last_name": "Faber",
            "email": "e.j.faber@utwente.nl",
            "active": true,
            "retired": false,
            "user": 20
        }
    },
    {
        "model": "steambird.teacher",
        "pk": 20,
        "fields": {
            "titles": "dr.",
            "initials": "A.",
            "first_name": "Andreas",
            "surname_prefix": null,
            "last_name": "Kamilaris",
            "email": "a.kamilaris@utwente.nl",
            "active": true,
            "retired": false,
            "user": 21
        }
    },
    {
        "model": "steambird.teacher",
        "pk": 21,
        "fields": {
            "titles": "ing.",
            "initials": "P.",
            "first_name": "Pepijn",
            "surname_prefix": "van",
            "last_name": "Passel",
            "email": "p.vanpassel@utwente.nl",
            "active": true,
            "retired": false,
            "user": 22
        }
    },
    {
        "model": "steambird.teacher",
        "pk": 22,
        "fields": {
            "titles": "ir.",
            "initials": "F.",
            "first_name": "Erik",
            "surname_prefix": null,
            "last_name": "Nijboer",
            "email": "f.nijboer@utwente.nl",
            "active": true,
            "retired": false,
            "user": 23
        }
    },
    {
        "model": "steambird.teacher",
        "pk": 23,
        "fields": {
            "titles": "dr.ir.",
            "initials": "A.P.",
            "first_name": "Arie Paul",
            "surname_prefix": "van den",
            "last_name": "Beukel",
            "email": "a.p.vandenbeukel@utwente.nl",
            "active": true,
            "retired": false,
            "user": 24
        }
    },
    {
        "model": "steambird.teacher",
        "pk": 24,
        "fields": {
            "titles": "dr.ir.",
            "initials": "P.C.",
            "first_name": "Peter",
            "surname_prefix": null,
            "last_name": "Breedveld",
            "email": "p.c.breedveld@utwente.nl",
            "active": true,
            "retired": false,
            "user": 25
        }
    },
    {
        "model": "steambird.teacher",
        "pk": 25,
        "fields": {
            "titles": "dr.ir.",
            "initials": "G.D.S.",
            "first_name": "Geke",
            "surname_prefix": null,
            "last_name": "Ludden",
            "email": "g.d.s.ludden@utwente.nl",
            "active": true,
            "retired": false,
            "user": 26
        }
    },
    {
        "model": "steambird.teacher",
        "pk": 26,
        "fields": {
            "titles": "dr.ir.",
            "initials": "W.",
            "first_name": "Wendy",
            "surname_prefix": null,
            "last_name": "Oude Nijeweme-d'Hollosy",
            "email": "w.dhollosy@utwente.nl",
            "active": true,
            "retired": false,
            "user": 27
        }
    },
    {
        "model": "steambird.teacher",
        "pk": 27,
        "fields": {
            "titles": "dr.ir.",
            "initials": "C.",
            "first_name": "Cora",
            "surname_prefix": null,
            "last_name": "Salm",
            "email": "c.salm@utwente.nl",
            "active": true,
            "retired": false,
            "user": 28
        }
    },
    {
        "model": "steambird.teacher",
        "pk": 28,
        "fields": {
            "titles": "dr.",
            "initials": "J.",
            "first_name": "Job",
            "surname_prefix": null,
            "last_name": "Zwiers",
            "email": "j.zwiers@utwente.nl",
            "active": true,
            "retired": false,
            "user": 29
        }
    },
    {
        "model": "steambird.teacher",
        "pk": 29,
        "fields": {
            "titles": "prof.dr.",
            "initials": "M.I.A.",
            "first_name": "Mari\u00eblle",
            "surname_prefix": null,
            "last_name": "Stoelinga",
            "email": "m.i.a.stoelinga@utwente.nl",
            "active": true,
            "retired": false,
            "user": 30
        }
    },
    {
        "model": "steambird.teacher",
        "pk": 30,
        "fields": {
            "titles": "dr.",
            "initials": "J.",
            "first_name": "Jelle",
            "surname_prefix": "van",
            "last_name": "Dijk",
            "email": "jelle.vandijk@utwente.nl",
            "active": true,
            "retired": false,
            "user": 31
        }
    },
    {
        "model": "steambird.teacher",
        "pk": 31,
        "fields": {
            "titles": "dr.",
            "initials": "A.",
            "first_name": "Armagan",
            "surname_prefix": null,
            "last_name": "Karahanoglu",
            "email": "a.karahanoglu@utwente.nl",
            "active": true,
            "retired": false,
            "user": 32
        }
    },
    {
        "model": "steambird.teacher",
        "pk": 32,
        "fields": {
            "titles": "dr.",
            "initials": "K.",
            "first_name": "Katarzyna",
            "surname_prefix": null,
            "last_name": "Zalewska-Kurek",
            "email": "k.zalewska-kurek@utwente.nl",
            "active": true,
            "retired": false,
            "user": null
        }
    },
    {
        "model": "steambird.teacher",
        "pk": 33,
        "fields": {
            "titles": "dr.ir.",
            "initials": "R.W.",
            "first_name": "Robby",
            "surname_prefix": "van",
            "last_name": "Delden",
            "email": "r.w.vandelden@utwente.nl",
            "active": true,
            "retired": false,
            "user": 34
        }
    },
    {
        "model": "steambird.teacher",
        "pk": 34,
        "fields": {
            "titles": "Ir.",
            "initials": "F.W.",
            "first_name": "Fokke",
            "surname_prefix": null,
            "last_name": "Hoeksema",
            "email": "f.w.hoeksema@utwente.nl",
            "active": true,
            "retired": false,
            "user": 35
        }
    },
    {
        "model": "steambird.teacher",
        "pk": 35,
        "fields": {
            "titles": null,
            "initials": "R.",
            "first_name": "Rik",
            "surname_prefix": null,
            "last_name": "Nieuwdorp",
            "email": "r.nieuwdorp@utwente.nl",
            "active": true,
            "retired": false,
            "user": 36
        }
    },
    {
        "model": "steambird.teacher",
        "pk": 36,
        "fields": {
            "titles": "dr.",
            "initials": "T.",
            "first_name": "Tamara",
            "surname_prefix": null,
            "last_name": "Oukes",
            "email": "t.oukes@utwente.nl",
            "active": true,
            "retired": false,
            "user": 37
        }
    },
    {
        "model": "steambird.teacher",
        "pk": 37,
        "fields": {
            "titles": "drs.",
            "initials": "P.",
            "first_name": "Petri",
            "surname_prefix": "de",
            "last_name": "Willigen",
            "email": "p.dewilligen@utwente.nl",
            "active": true,
            "retired": false,
            "user": 38
        }
    },
    {
        "model": "steambird.teacher",
        "pk": 38,
        "fields": {
            "titles": "dr.ir.",
            "initials": "D.",
            "first_name": "Douwe",
            "surname_prefix": null,
            "last_name": "Dresscher",
            "email": "d.dresscher@utwente.nl",
            "active": true,
            "retired": false,
            "user": 39
        }
    },
    {
        "model": "steambird.teacher",
        "pk": 39,
        "fields": {
            "titles": "dr.",
            "initials": "F.L.",
            "first_name": "Felix",
            "surname_prefix": null,
            "last_name": "Schwenninger",
            "email": "f.l.schwenninger@utwente.nl",
            "active": true,
            "retired": false,
            "user": 40
        }
    },
    {
        "model": "steambird.studyassociation",
        "pk": 1,
        "fields": {
            "name": "IAPC",
            "users": [
                1
            ],
            "studies": [
                1,
                2,
                3,
                4,
                5,
                6,
                7
            ]
        }
    },
    {
        "model": "steambird.authtoken",
        "pk": "008a2c5a-9bc7-4d33-ba6e-f032398f3897",
        "fields": {
            "user": 24,
            "last_host": null
        }
    },
    {
        "model": "steambird.authtoken",
        "pk": "207fd208-0395-4281-9fcc-842a70385674",
        "fields": {
            "user": 8,
            "last_host": null
        }
    },
    {
        "model": "steambird.authtoken",
        "pk": "21caf2e0-bc9f-450e-82ca-71e5a79de608",
        "fields": {
            "user": 38,
            "last_host": null
        }
    },
    {
        "model": "steambird.authtoken",
        "pk": "2879d1c1-e244-44b7-a763-4b3868ffaad8",
        "fields": {
            "user": 28,
            "last_host": null
        }
    },
    {
        "model": "steambird.authtoken",
        "pk": "35b919e8-1036-43ad-9d58-5fb001fe609c",
        "fields": {
            "user": 31,
            "last_host": null
        }
    },
    {
        "model": "steambird.authtoken",
        "pk": "35f537a6-3369-4533-9235-a942b50b5fb0",
        "fields": {
            "user": 5,
            "last_host": null
        }
    },
    {
        "model": "steambird.authtoken",
        "pk": "4290c469-65d3-49c1-9cdb-b9365193d357",
        "fields": {
            "user": 30,
            "last_host": null
        }
    },
    {
        "model": "steambird.authtoken",
        "pk": "45723d0f-f3fd-499c-844e-9f03cb44fb52",
        "fields": {
            "user": 20,
            "last_host": null
        }
    },
    {
        "model": "steambird.authtoken",
        "pk": "4f5aff8a-ec9f-4b8b-af4d-6b9f7f452238",
        "fields": {
            "user": 3,
            "last_host": null
        }
    },
    {
        "model": "steambird.authtoken",
        "pk": "5a6129e5-1c0c-4cb1-8c1b-3a6654a51970",
        "fields": {
            "user": 12,
            "last_host": null
        }
    },
    {
        "model": "steambird.authtoken",
        "pk": "6639a6de-4cfa-449b-b73c-dd37d2e1dd2e",
        "fields": {
            "user": 35,
            "last_host": null
        }
    },
    {
        "model": "steambird.authtoken",
        "pk": "69ee59fe-62f8-4961-b1b0-6783d3cd2c96",
        "fields": {
            "user": 6,
            "last_host": null
        }
    },
    {
        "model": "steambird.authtoken",
        "pk": "6e25b945-89cc-428f-95ed-daf861a6d199",
        "fields": {
            "user": 22,
            "last_host": null
        }
    },
    {
        "model": "steambird.authtoken",
        "pk": "71038d3f-7cc5-41d6-896b-782d6fa2ddaf",
        "fields": {
            "user": 18,
            "last_host": null
        }
    },
    {
        "model": "steambird.authtoken",
        "pk": "71d12ffd-75cc-401f-af82-90cf493d4dde",
        "fields": {
            "user": 4,
            "last_host": null
        }
    },
    {
        "model": "steambird.authtoken",
        "pk": "7691f11e-c36b-4b66-9687-36d5b3595548",
        "fields": {
            "user": 16,
            "last_host": null
        }
    },
    {
        "model": "steambird.authtoken",
        "pk": "98e7d432-6c16-421c-b6f3-9fe2a1f49752",
        "fields": {
            "user": 32,
            "last_host": null
        }
    },
    {
        "model": "steambird.authtoken",
        "pk": "9a57fc8c-a985-4c58-a885-6a35bacbd048",
        "fields": {
            "user": 2,
            "last_host": null
        }
    },
    {
        "model": "steambird.authtoken",
        "pk": "9aaae5a0-a794-4cf8-910f-cbab88742c3a",
        "fields": {
            "user": 39,
            "last_host": null
        }
    },
    {
        "model": "steambird.authtoken",
        "pk": "a43d191b-15c6-4415-82a8-c5805e58f206",
        "fields": {
            "user": 14,
            "last_host": null
        }
    },
    {
        "model": "steambird.authtoken",
        "pk": "a59fb667-0c17-454e-bc92-2edac7a9668e",
        "fields": {
            "user": 40,
            "last_host": null
        }
    },
    {
        "model": "steambird.authtoken",
        "pk": "a8470be0-5198-4736-a9c0-64c9919ad369",
        "fields": {
            "user": 26,
            "last_host": null
        }
    },
    {
        "model": "steambird.authtoken",
        "pk": "af87155f-8e03-45d7-aaa6-9d2deec5947f",
        "fields": {
            "user": 15,
            "last_host": null
        }
    },
    {
        "model": "steambird.authtoken",
        "pk": "b0c7c701-04b3-4f65-ae24-58fa8ffe2a2d",
        "fields": {
            "user": 11,
            "last_host": null
        }
    },
    {
        "model": "steambird.authtoken",
        "pk": "b89eba77-15c7-443e-aff4-2a69b918c3db",
        "fields": {
            "user": 25,
            "last_host": null
        }
    },
    {
        "model": "steambird.authtoken",
        "pk": "bc0900e9-0b19-483f-92ed-27855ae40795",
        "fields": {
            "user": 27,
            "last_host": null
        }
    },
    {
        "model": "steambird.authtoken",
        "pk": "bc4135c2-6f8a-4c88-bdee-e5206ba4fad3",
        "fields": {
            "user": 7,
            "last_host": null
        }
    },
    {
        "model": "steambird.authtoken",
        "pk": "bc95f20c-3b26-449b-9548-491054431cef",
        "fields": {
            "user": 10,
            "last_host": null
        }
    },
    {
        "model": "steambird.authtoken",
        "pk": "bf99498a-97a5-47c0-8e7c-f1695acd78de",
        "fields": {
            "user": 29,
            "last_host": null
        }
    },
    {
        "model": "steambird.authtoken",
        "pk": "c14e98ce-b160-4f58-9526-26a2c620cfb8",
        "fields": {
            "user": 34,
            "last_host": null
        }
    },
    {
        "model": "steambird.authtoken",
        "pk": "c2cb6644-8e7d-4d0e-ae2d-5d46d62532e1",
        "fields": {
            "user": 19,
            "last_host": null
        }
    },
    {
        "model": "steambird.authtoken",
        "pk": "c6ea3f16-bf3d-472b-a512-0b0df3e2518a",
        "fields": {
            "user": 33,
            "last_host": null
        }
    },
    {
        "model": "steambird.authtoken",
        "pk": "d2c5d65f-7e80-485a-8f86-f79abf3b37ec",
        "fields": {
            "user": 21,
            "last_host": null
        }
    },
    {
        "model": "steambird.authtoken",
        "pk": "d50dc187-4e1e-4ed9-a5e9-0eb73678b4c8",
        "fields": {
            "user": 37,
            "last_host": null
        }
    },
    {
        "model": "steambird.authtoken",
        "pk": "df4e9dc1-266d-4ad4-a289-21fc9a5155f5",
        "fields": {
            "user": 17,
            "last_host": null
        }
    },
    {
        "model": "steambird.authtoken",
        "pk": "e3d02c87-5a06-4aa4-996a-d42b93d30cc4",
        "fields": {
            "user": 23,
            "last_host": null
        }
    },
    {
        "model": "steambird.authtoken",
        "pk": "ecd6343c-e9bd-44ce-a0c9-4a42d8ad535e",
        "fields": {
            "user": 9,
            "last_host": null
        }
    },
    {
        "model": "steambird.authtoken",
        "pk": "f5f1643a-3511-48be-bfb4-695f58c6f5ce",
        "fields": {
            "user": 36,
            "last_host": null
        }
    },
    {
        "model": "steambird.authtoken",
        "pk": "fa271a06-d53f-4fad-a554-635a06ffd36f",
        "fields": {
            "user": 13,
            "last_host": null
        }
    },
    {
        "model": "steambird.study",
        "pk": 1,
        "fields": {
            "type": "bachelor",
            "name": "Business & IT",
            "slug": "B-BIT"
        }
    },
    {
        "model": "steambird.study",
        "pk": 2,
        "fields": {
            "type": "bachelor",
            "name": "Creative Technology",
            "slug": "B-CreaTe"
        }
    },
    {
        "model": "steambird.study",
        "pk": 3,
        "fields": {
            "type": "bachelor",
            "name": "Technical Computer Science",
            "slug": "B-TCS"
        }
    },
    {
        "model": "steambird.study",
        "pk": 4,
        "fields": {
            "type": "master",
            "name": "Business Information Technology",
            "slug": "M-BIT"
        }
    },
    {
        "model": "steambird.study",
        "pk": 5,
        "fields": {
            "type": "master",
            "name": "Computer Science",
            "slug": "M-CS"
        }
    },
    {
        "model": "steambird.study",
        "pk": 6,
        "fields": {
            "type": "master",
            "name": "Embedded Systems",
            "slug": "M-EMSYS"
        }
    },
    {
        "model": "steambird.study",
        "pk": 7,
        "fields": {
            "type": "master",
            "name": "Interaction Technology",
            "slug": "M-ITech"
        }
    },
    {
        "model": "steambird.coursestudy",
        "pk": 1,
        "fields": {
            "study": 2,
            "course": 1,
            "study_year": 1
        }
    },
    {
        "model": "steambird.coursestudy",
        "pk": 2,
        "fields": {
            "study": 2,
            "course": 2,
            "study_year": 1
        }
    },
    {
        "model": "steambird.coursestudy",
        "pk": 3,
        "fields": {
            "study": 2,
            "course": 3,
            "study_year": 1
        }
    },
    {
        "model": "steambird.coursestudy",
        "pk": 4,
        "fields": {
            "study": 2,
            "course": 4,
            "study_year": 1
        }
    },
    {
        "model": "steambird.coursestudy",
        "pk": 5,
        "fields": {
            "study": 2,
            "course": 5,
            "study_year": 2
        }
    },
    {
        "model": "steambird.coursestudy",
        "pk": 6,
        "fields": {
            "study": 2,
            "course": 6,
            "study_year": 2
        }
    },
    {
        "model": "steambird.course",
        "pk": 1,
        "fields": {
            "name": "We Create Identity",
            "coordinator": 1,
            "period": "Q1",
            "calendar_year": 2019,
            "course_code": "201900151",
            "updated_associations": false,
            "updated_teacher": false,
            "materials": [
                3,
                4,
                5,
                6,
                7,
                8
            ],
            "sub_courses": [],
            "teachers": [
                1,
                2,
                3,
                4,
                5,
                6,
                7,
                8,
                9,
                10,
                11,
                12,
                13
            ]
        }
    },
    {
        "model": "steambird.course",
        "pk": 2,
        "fields": {
            "name": "Smart Enviroments",
            "coordinator": 15,
            "period": "Q2",
            "calendar_year": 2019,
            "course_code": "201800199",
            "updated_associations": false,
            "updated_teacher": false,
            "materials": [],
            "sub_courses": [],
            "teachers": [
                8,
                13,
                15,
                16,
                17,
                18,
                19,
                20,
                21
            ]
        }
    },
    {
        "model": "steambird.course",
        "pk": 3,
        "fields": {
            "name": "Living and Working Tomorrow, Ideation and Explorative Design",
            "coordinator": 22,
            "period": "Q3",
            "calendar_year": 2019,
            "course_code": "201700306",
            "updated_associations": false,
            "updated_teacher": false,
            "materials": [],
            "sub_courses": [],
            "teachers": [
                7,
                13,
                17,
                18,
                19,
                22,
                23,
                24,
                25,
                26,
                27,
                28
            ]
        }
    },
    {
        "model": "steambird.course",
        "pk": 4,
        "fields": {
            "name": "Art, Impact and Technology",
            "coordinator": 29,
            "period": "Q4",
            "calendar_year": 2019,
            "course_code": "201700341",
            "updated_associations": false,
            "updated_teacher": false,
            "materials": [],
            "sub_courses": [],
            "teachers": [
                4,
                6,
                8,
                25,
                29,
                30,
                31,
                32
            ]
        }
    },
    {
        "model": "steambird.course",
        "pk": 5,
        "fields": {
            "name": "Interactive Media",
            "coordinator": 28,
            "period": "Q1",
            "calendar_year": 2019,
            "course_code": "201900127",
            "updated_associations": false,
            "updated_teacher": false,
            "materials": [
                9
            ],
            "sub_courses": [],
            "teachers": [
                28,
                32,
                33,
                34,
                35,
                36,
                37
            ]
        }
    },
    {
        "model": "steambird.course",
        "pk": 6,
        "fields": {
            "name": "Smart Technology",
            "coordinator": 19,
            "period": "Q1",
            "calendar_year": 2019,
            "course_code": "201900109",
            "updated_associations": false,
            "updated_teacher": false,
            "materials": [
                10
            ],
            "sub_courses": [],
            "teachers": [
                7,
                18,
                19,
                38,
                39
            ]
        }
    },
    {
        "model": "steambird.studymaterialedition",
        "pk": 12,
        "fields": {
            "polymorphic_ctype": 16,
            "name": "Learning Processing",
            "material_type": null
        }
    },
    {
        "model": "steambird.studymaterialedition",
        "pk": 13,
        "fields": {
            "polymorphic_ctype": 16,
            "name": "Thomas' Calculus",
            "material_type": null
        }
    },
    {
        "model": "steambird.studymaterialedition",
        "pk": 14,
        "fields": {
            "polymorphic_ctype": 16,
            "name": "Foundation Maths",
            "material_type": null
        }
    },
    {
        "model": "steambird.studymaterialedition",
        "pk": 15,
        "fields": {
            "polymorphic_ctype": 16,
            "name": "Electronics: A Systems Approach",
            "material_type": null
        }
    },
    {
        "model": "steambird.studymaterialedition",
        "pk": 16,
        "fields": {
            "polymorphic_ctype": 16,
            "name": "Intercultural Sensitivity",
            "material_type": null
        }
    },
    {
        "model": "steambird.studymaterialedition",
        "pk": 17,
        "fields": {
            "polymorphic_ctype": 16,
            "name": "Skill Sheets",
            "material_type": null
        }
    },
    {
        "model": "steambird.studymaterialedition",
        "pk": 18,
        "fields": {
            "polymorphic_ctype": 16,
            "name": "The Art Of Game Design",
            "material_type": null
        }
    },
    {
        "model": "steambird.studymaterialedition",
        "pk": 19,
        "fields": {
            "polymorphic_ctype": 16,
            "name": "Engineering Mathematics",
            "material_type": null
        }
    },
    {
        "model": "steambird.book",
        "pk": 12,
        "fields": {
            "ISBN": "9780123736024",
            "author": "Daniel Shiffman",
            "img": "http://books.google.com/books/content?id=2O59BAAAQBAJ&printsec=frontcover&img=1&zoom=1&edge=curl&source=gbs_api",
            "year_of_publishing": 2008,
            "edition": "1st"
        }
    },
    {
        "model": "steambird.book",
        "pk": 13,
        "fields": {
            "ISBN": "9781784498139",
            "author": "George Brinton Thomas, Maurice D. Weir, Joel R. Hass",
            "img": null,
            "year_of_publishing": 2017,
            "edition": "Cu Utwente Calculus eText pack 2017"
        }
    },
    {
        "model": "steambird.book",
        "pk": 14,
        "fields": {
            "ISBN": "9781292095172",
            "author": "Anthony Croft, Robert Davison",
            "img": "http://books.google.com/books/content?id=98EfjgEACAAJ&printsec=frontcover&img=1&zoom=1&source=gbs_api",
            "year_of_publishing": 2016,
            "edition": "6th"
        }
    },
    {
        "model": "steambird.book",
        "pk": 15,
        "fields": {
            "ISBN": "9781292114064",
            "author": "Neil Storey",
            "img": "http://books.google.com/books/content?id=XW9hvgAACAAJ&printsec=frontcover&img=1&zoom=1&source=gbs_api",
            "year_of_publishing": 2017,
            "edition": "6th"
        }
    },
    {
        "model": "steambird.book",
        "pk": 16,
        "fields": {
            "ISBN": "9789023255550",
            "author": "Ir. Carlos Nunez, Drs. Raya Nunez Mahdi, Drs. Laura Popma",
            "img": null,
            "year_of_publishing": 2017,
            "edition": "4th"
        }
    },
    {
        "model": "steambird.book",
        "pk": 17,
        "fields": {
            "ISBN": "9789043033503",
            "author": "Rob van Tulder",
            "img": null,
            "year_of_publishing": 2018,
            "edition": "3rd"
        }
    },
    {
        "model": "steambird.book",
        "pk": 18,
        "fields": {
            "ISBN": "9781138632059",
            "author": "Jesse Schell",
            "img": "http://books.google.com/books/content?id=AOGsDwAAQBAJ&printsec=frontcover&img=1&zoom=1&edge=curl&source=gbs_api",
            "year_of_publishing": 2019,
            "edition": "3rd"
        }
    },
    {
        "model": "steambird.book",
        "pk": 19,
        "fields": {
            "ISBN": "9781292146652",
            "author": "Anthony Croft, Tony Croft, Robert Davison",
            "img": "http://books.google.com/books/content?id=xYhRMQAACAAJ&printsec=frontcover&img=1&zoom=1&source=gbs_api",
            "year_of_publishing": 2017,
            "edition": "5th"
        }
    },
    {
        "model": "steambird.mspline",
        "pk": 3,
        "fields": {
            "type": "request_material",
            "msp": 3,
            "comment": "",
            "time": "2019-10-17T20:29:03.768Z",
            "created_by": 1,
            "created_by_side": "BOECIE",
            "materials": [
                13
            ]
        }
    },
    {
        "model": "steambird.mspline",
        "pk": 4,
        "fields": {
            "type": "request_material",
            "msp": 4,
            "comment": "",
            "time": "2019-10-17T20:37:29.464Z",
            "created_by": 1,
            "created_by_side": "BOECIE",
            "materials": [
                17
            ]
        }
    },
    {
        "model": "steambird.mspline",
        "pk": 5,
        "fields": {
            "type": "request_material",
            "msp": 5,
            "comment": "",
            "time": "2019-10-17T20:38:07.382Z",
            "created_by": 1,
            "created_by_side": "BOECIE",
            "materials": [
                12
            ]
        }
    },
    {
        "model": "steambird.mspline",
        "pk": 6,
        "fields": {
            "type": "request_material",
            "msp": 6,
            "comment": "",
            "time": "2019-10-17T20:39:25.734Z",
            "created_by": 1,
            "created_by_side": "BOECIE",
            "materials": [
                15
            ]
        }
    },
    {
        "model": "steambird.mspline",
        "pk": 7,
        "fields": {
            "type": "request_material",
            "msp": 7,
            "comment": "",
            "time": "2019-10-17T20:39:37.513Z",
            "created_by": 1,
            "created_by_side": "BOECIE",
            "materials": [
                16
            ]
        }
    },
    {
        "model": "steambird.mspline",
        "pk": 8,
        "fields": {
            "type": "request_material",
            "msp": 8,
            "comment": "",
            "time": "2019-10-17T20:40:01.681Z",
            "created_by": 1,
            "created_by_side": "BOECIE",
            "materials": [
                14
            ]
        }
    },
    {
        "model": "steambird.mspline",
        "pk": 9,
        "fields": {
            "type": "request_material",
            "msp": 9,
            "comment": "",
            "time": "2019-10-17T21:01:53.493Z",
            "created_by": 1,
            "created_by_side": "BOECIE",
            "materials": [
                18
            ]
        }
    },
    {
        "model": "steambird.mspline",
        "pk": 10,
        "fields": {
            "type": "request_material",
            "msp": 10,
            "comment": "",
            "time": "2019-10-17T21:05:58.116Z",
            "created_by": 1,
            "created_by_side": "BOECIE",
            "materials": [
                19
            ]
        }
    },
    {
        "model": "steambird.msp",
        "pk": 3,
        "fields": {
            "mandatory": true,
            "teachers": []
        }
    },
    {
        "model": "steambird.msp",
        "pk": 4,
        "fields": {
            "mandatory": true,
            "teachers": []
        }
    },
    {
        "model": "steambird.msp",
        "pk": 5,
        "fields": {
            "mandatory": true,
            "teachers": []
        }
    },
    {
        "model": "steambird.msp",
        "pk": 6,
        "fields": {
            "mandatory": true,
            "teachers": []
        }
    },
    {
        "model": "steambird.msp",
        "pk": 7,
        "fields": {
            "mandatory": true,
            "teachers": []
        }
    },
    {
        "model": "steambird.msp",
        "pk": 8,
        "fields": {
            "mandatory": true,
            "teachers": []
        }
    },
    {
        "model": "steambird.msp",
        "pk": 9,
        "fields": {
            "mandatory": true,
            "teachers": []
        }
    },
    {
        "model": "steambird.msp",
        "pk": 10,
        "fields": {
            "mandatory": true,
            "teachers": []
        }
    },
    {
        "model": "steambird.config",
        "pk": 1,
        "fields": {
            "year": 2019,
            "period": "Q1"
        }
    }
]