[
    {
        "model": "steambird.teacher",
        "pk": 1,
        "fields": {
            "titles": "Dr.",
            "initials": "A.",
            "first_name": "Ansgar",
            "surname_prefix": null,
            "last_name": "Fehnker",
            "email": "a.fehnker@utwente.nl",
            "active": true,
            "retired": false,
            "user": null
        }
    },
    {
        "model": "steambird.teacher",
        "pk": 3,
        "fields": {
            "titles": "Dr. Ir.",
            "initials": "D.",
            "first_name": "Djoerd",
            "surname_prefix": null,
            "last_name": "Hiemstra",
            "email": "d.hiemstra@utwente.nl",
            "active": true,
            "retired": false,
            "user": null
        }
    },
    {
        "model": "steambird.teacher",
        "pk": 4,
        "fields": {
            "titles": "Dr.",
            "initials": "H.",
            "first_name": "Henk",
            "surname_prefix": "van",
            "last_name": "Spenk",
            "email": "h.spenk@utwente.nl",
            "active": true,
            "retired": false,
            "user": null
        }
    },
    {
        "model": "steambird.teacher",
        "pk": 8,
        "fields": {
            "titles": "Dr.",
            "initials": "R.H.B",
            "first_name": "Rolf",
            "surname_prefix": "van",
            "last_name": "Kleef",
            "email": "rkleef@iapc.nl",
            "active": true,
            "retired": false,
            "user": null
        }
    },
    {
        "model": "steambird.teacher",
        "pk": 11,
        "fields": {
            "titles": "Dr. Ir.",
            "initials": "L.B.L.",
            "first_name": "Luuk",
            "surname_prefix": null,
            "last_name": "Lenders",
            "email": "llenders@iapc.utwente.nl",
            "active": true,
            "retired": false,
            "user": 1
        }
    },
    {
        "model": "steambird.teacher",
        "pk": 13,
        "fields": {
            "titles": "Dr.",
            "initials": "A.M.",
            "first_name": "Alma",
            "surname_prefix": null,
            "last_name": "Schaafstal",
            "email": "a.m.schaafstal@utwente.nl",
            "active": true,
            "retired": false,
            "user": null
        }
    },
    {
        "model": "steambird.teacher",
        "pk": 14,
        "fields": {
            "titles": "Dr.",
            "initials": "M",
            "first_name": "Marije",
            "surname_prefix": null,
            "last_name": "Mulder",
            "email": "mmulder@iapc.nl",
            "active": true,
            "retired": false,
            "user": null
        }
    },
    {
        "model": "steambird.teacher",
        "pk": 16,
        "fields": {
            "titles": "asdf",
            "initials": "asdf",
            "first_name": "adsf",
            "surname_prefix": null,
            "last_name": "adf",
            "email": "asfd@lasd.nl",
            "active": true,
            "retired": false,
            "user": null
        }
    },
    {
        "model": "steambird.teacher",
        "pk": 17,
        "fields": {
            "titles": "eadsf",
            "initials": "eadf",
            "first_name": "eadfe",
            "surname_prefix": "easdf",
            "last_name": "easef",
            "email": "s@s.nl",
            "active": true,
            "retired": false,
            "user": null
        }
    },
    {
        "model": "steambird.teacher",
        "pk": 18,
        "fields": {
            "titles": "test",
            "initials": "test",
            "first_name": "test",
            "surname_prefix": "test",
            "last_name": "test",
            "email": "t@test.nl",
            "active": true,
            "retired": false,
            "user": null
        }
    },
    {
        "model": "steambird.teacher",
        "pk": 19,
        "fields": {
            "titles": "this",
            "initials": "is",
            "first_name": "adsf",
            "surname_prefix": "test",
            "last_name": "of",
            "email": "system@this.nl",
            "active": true,
            "retired": false,
            "user": null
        }
    },
    {
        "model": "steambird.teacher",
        "pk": 20,
        "fields": {
            "titles": "Prof. Dr. Ir.",
            "initials": "ddddd",
            "first_name": "ddd",
            "surname_prefix": "d",
            "last_name": "dddd",
            "email": "adfkjeklfadfjo@gmail.com",
            "active": true,
            "retired": false,
            "user": null
        }
    },
    {
        "model": "steambird.teacher",
        "pk": 21,
        "fields": {
            "titles": "Hel",
            "initials": "hel",
            "first_name": "h",
            "surname_prefix": "h",
            "last_name": "h",
            "email": "hel@iapc.nl",
            "active": false,
            "retired": false,
            "user": null
        }
    },
    {
        "model": "steambird.teacher",
        "pk": 22,
        "fields": {
            "titles": "Phd.",
            "initials": "M.",
            "first_name": "Mauricy",
            "surname_prefix": null,
            "last_name": "Alves Da Motta Filho",
            "email": "m.alvesdamottafilho@utwente.nl",
            "active": true,
            "retired": false,
            "user": null
        }
    },
    {
        "model": "steambird.teacher",
        "pk": 23,
        "fields": {
            "titles": "Dr. Ir",
            "initials": "E..C.",
            "first_name": "Edwin",
            "surname_prefix": null,
            "last_name": "Dertien",
            "email": "e.c.dertien@utwente.nl",
            "active": true,
            "retired": false,
            "user": null
        }
    },
    {
        "model": "steambird.teacher",
        "pk": 24,
        "fields": {
            "titles": "Bsc",
            "initials": "A.B.R.",
            "first_name": "Beitske",
            "surname_prefix": null,
            "last_name": "Flake",
            "email": "bflake@iapc.nl",
            "active": true,
            "retired": false,
            "user": null
        }
    },
    {
        "model": "steambird.studyassociation",
        "pk": 1,
        "fields": {
            "name": "IAPC",
            "users": [
                1
            ],
            "studies": [
                1,
                2,
                3,
                4,
                5,
                6,
                7
            ]
        }
    },
    {
        "model": "steambird.study",
        "pk": 1,
        "fields": {
            "type": "bachelor",
            "name": "Creative Technology",
            "slug": "CreaTe"
        }
    },
    {
        "model": "steambird.study",
        "pk": 2,
        "fields": {
            "type": "bachelor",
            "name": "Business & IT",
            "slug": "BIT"
        }
    },
    {
        "model": "steambird.study",
        "pk": 3,
        "fields": {
            "type": "master",
            "name": "Business Information Technology",
            "slug": "MBIT"
        }
    },
    {
        "model": "steambird.study",
        "pk": 4,
        "fields": {
            "type": "master",
            "name": "Computer Science",
            "slug": "M-CS"
        }
    },
    {
        "model": "steambird.study",
        "pk": 5,
        "fields": {
            "type": "master",
            "name": "Embedded Systems",
            "slug": "M-EMSYS"
        }
    },
    {
        "model": "steambird.study",
        "pk": 6,
        "fields": {
            "type": "master",
            "name": "Interaction Technology",
            "slug": "ITech"
        }
    },
    {
        "model": "steambird.study",
        "pk": 7,
        "fields": {
            "type": "bachelor",
            "name": "Technical Computer Science",
            "slug": "TCS"
        }
    },
    {
        "model": "steambird.coursestudy",
        "pk": 1,
        "fields": {
            "study": 1,
            "course": 1,
            "study_year": 1
        }
    },
    {
        "model": "steambird.coursestudy",
        "pk": 2,
        "fields": {
            "study": 6,
            "course": 2,
            "study_year": 1
        }
    },
    {
        "model": "steambird.coursestudy",
        "pk": 4,
        "fields": {
            "study": 6,
            "course": 6,
            "study_year": 1
        }
    },
    {
        "model": "steambird.coursestudy",
        "pk": 6,
        "fields": {
            "study": 6,
            "course": 8,
            "study_year": 1
        }
    },
    {
        "model": "steambird.coursestudy",
        "pk": 8,
        "fields": {
            "study": 6,
            "course": 10,
            "study_year": 1
        }
    },
    {
        "model": "steambird.coursestudy",
        "pk": 9,
        "fields": {
            "study": 6,
            "course": 11,
            "study_year": 1
        }
    },
    {
        "model": "steambird.coursestudy",
        "pk": 10,
        "fields": {
            "study": 6,
            "course": 12,
            "study_year": 1
        }
    },
    {
        "model": "steambird.coursestudy",
        "pk": 37,
        "fields": {
            "study": 6,
            "course": 48,
            "study_year": 1
        }
    },
    {
        "model": "steambird.coursestudy",
        "pk": 38,
        "fields": {
            "study": 6,
            "course": 49,
            "study_year": 1
        }
    },
    {
        "model": "steambird.coursestudy",
        "pk": 39,
        "fields": {
            "study": 1,
            "course": 50,
            "study_year": 1
        }
    },
    {
        "model": "steambird.coursestudy",
        "pk": 40,
        "fields": {
            "study": 1,
            "course": 10,
            "study_year": 2
        }
    },
    {
        "model": "steambird.coursestudy",
        "pk": 41,
        "fields": {
            "study": 1,
            "course": 6,
            "study_year": 2
        }
    },
    {
        "model": "steambird.coursestudy",
        "pk": 42,
        "fields": {
            "study": 1,
            "course": 11,
            "study_year": 3
        }
    },
    {
        "model": "steambird.coursestudy",
        "pk": 43,
        "fields": {
            "study": 1,
            "course": 12,
            "study_year": 4
        }
    },
    {
        "model": "steambird.coursestudy",
        "pk": 44,
        "fields": {
            "study": 1,
            "course": 49,
            "study_year": null
        }
    },
    {
        "model": "steambird.coursestudy",
        "pk": 45,
        "fields": {
            "study": 6,
            "course": 50,
            "study_year": 1
        }
    },
    {
        "model": "steambird.coursestudy",
        "pk": 46,
        "fields": {
            "study": 1,
            "course": 8,
            "study_year": 4
        }
    },
    {
        "model": "steambird.coursestudy",
        "pk": 47,
        "fields": {
            "study": 1,
            "course": 51,
            "study_year": 1
        }
    },
    {
        "model": "steambird.coursestudy",
        "pk": 48,
        "fields": {
            "study": 1,
            "course": 52,
            "study_year": 1
        }
    },
    {
        "model": "steambird.coursestudy",
        "pk": 51,
        "fields": {
            "study": 5,
            "course": 50,
            "study_year": 2
        }
    },
    {
        "model": "steambird.coursestudy",
        "pk": 52,
        "fields": {
            "study": 2,
            "course": 50,
            "study_year": 3
        }
    },
    {
        "model": "steambird.coursestudy",
        "pk": 57,
        "fields": {
            "study": 2,
            "course": 50,
            "study_year": 2
        }
    },
    {
        "model": "steambird.coursestudy",
        "pk": 58,
        "fields": {
            "study": 1,
            "course": 48,
            "study_year": 3
        }
    },
    {
        "model": "steambird.coursestudy",
        "pk": 59,
        "fields": {
            "study": 3,
            "course": 12,
            "study_year": null
        }
    },
    {
        "model": "steambird.coursestudy",
        "pk": 60,
        "fields": {
            "study": 5,
            "course": 50,
            "study_year": 4
        }
    },
    {
        "model": "steambird.coursestudy",
        "pk": 61,
        "fields": {
            "study": 1,
            "course": 57,
            "study_year": 1
        }
    },
    {
        "model": "steambird.coursestudy",
        "pk": 62,
        "fields": {
            "study": 1,
            "course": 58,
            "study_year": 1
        }
    },
    {
        "model": "steambird.coursestudy",
        "pk": 63,
        "fields": {
            "study": 1,
            "course": 83,
            "study_year": 1
        }
    },
    {
        "model": "steambird.coursestudy",
        "pk": 64,
        "fields": {
            "study": 1,
            "course": 84,
            "study_year": 1
        }
    },
    {
        "model": "steambird.coursestudy",
        "pk": 65,
        "fields": {
            "study": 1,
            "course": 85,
            "study_year": 1
        }
    },
    {
        "model": "steambird.coursestudy",
        "pk": 66,
        "fields": {
            "study": 1,
            "course": 86,
            "study_year": 1
        }
    },
    {
        "model": "steambird.coursestudy",
        "pk": 67,
        "fields": {
            "study": 1,
            "course": 87,
            "study_year": 2
        }
    },
    {
        "model": "steambird.coursestudy",
        "pk": 68,
        "fields": {
            "study": 1,
            "course": 88,
            "study_year": 2
        }
    },
    {
        "model": "steambird.coursestudy",
        "pk": 69,
        "fields": {
            "study": 1,
            "course": 89,
            "study_year": 2
        }
    },
    {
        "model": "steambird.coursestudy",
        "pk": 70,
        "fields": {
            "study": 1,
            "course": 90,
            "study_year": 2
        }
    },
    {
        "model": "steambird.coursestudy",
        "pk": 71,
        "fields": {
            "study": 1,
            "course": 91,
            "study_year": 3
        }
    },
    {
        "model": "steambird.coursestudy",
        "pk": 72,
        "fields": {
            "study": 1,
            "course": 92,
            "study_year": 3
        }
    },
    {
        "model": "steambird.coursestudy",
        "pk": 73,
        "fields": {
            "study": 1,
            "course": 93,
            "study_year": 3
        }
    },
    {
        "model": "steambird.coursestudy",
        "pk": 74,
        "fields": {
            "study": 1,
            "course": 94,
            "study_year": 3
        }
    },
    {
        "model": "steambird.coursestudy",
        "pk": 75,
        "fields": {
            "study": 1,
            "course": 8,
            "study_year": 2
        }
    },
    {
        "model": "steambird.coursestudy",
        "pk": 76,
        "fields": {
            "study": 1,
            "course": 8,
            "study_year": 3
        }
    },
    {
        "model": "steambird.coursestudy",
        "pk": 77,
        "fields": {
            "study": 1,
            "course": 83,
            "study_year": 3
        }
    },
    {
        "model": "steambird.coursestudy",
        "pk": 78,
        "fields": {
            "study": 2,
            "course": 95,
            "study_year": 1
        }
    },
    {
        "model": "steambird.course",
        "pk": 1,
        "fields": {
            "name": "Business Information Technology",
            "coordinator": 1,
            "period": "Q1",
            "calendar_year": 2018,
            "course_code": "2013000011",
            "updated_associations": true,
            "updated_teacher": false,
            "materials": [
                1
            ],
            "sub_courses": [],
            "teachers": [
                1
            ]
        }
    },
    {
        "model": "steambird.course",
        "pk": 2,
        "fields": {
            "name": "Advanced Information retrieval",
            "coordinator": 3,
            "period": "Q2",
            "calendar_year": 2018,
            "course_code": "201600083",
            "updated_associations": true,
            "updated_teacher": false,
            "materials": [
                1
            ],
            "sub_courses": [],
            "teachers": [
                1
            ]
        }
    },
    {
        "model": "steambird.course",
        "pk": 6,
        "fields": {
            "name": "This is another test course goddamnit",
            "coordinator": 11,
            "period": "Q1",
            "calendar_year": 2017,
            "course_code": "12135156156",
            "updated_associations": true,
            "updated_teacher": false,
            "materials": [
                1
            ],
            "sub_courses": [],
            "teachers": [
                1,
                4,
                13,
                14,
                11,
                8
            ]
        }
    },
    {
        "model": "steambird.course",
        "pk": 8,
        "fields": {
            "name": "Full_YEAR",
            "coordinator": 8,
            "period": "FULL_YEAR",
            "calendar_year": 684964,
            "course_code": "1231561689234",
            "updated_associations": true,
            "updated_teacher": false,
            "materials": [
                1
            ],
            "sub_courses": [],
            "teachers": [
                1
            ]
        }
    },
    {
        "model": "steambird.course",
        "pk": 10,
        "fields": {
            "name": "Grote B",
            "coordinator": 11,
            "period": "S2",
            "calendar_year": 2018,
            "course_code": "15558485",
            "updated_associations": true,
            "updated_teacher": false,
            "materials": [],
            "sub_courses": [],
            "teachers": []
        }
    },
    {
        "model": "steambird.course",
        "pk": 11,
        "fields": {
            "name": "Kleine B",
            "coordinator": 8,
            "period": "Q3",
            "calendar_year": 2018,
            "course_code": "582168215",
            "updated_associations": true,
            "updated_teacher": false,
            "materials": [],
            "sub_courses": [],
            "teachers": [
                11
            ]
        }
    },
    {
        "model": "steambird.course",
        "pk": 12,
        "fields": {
            "name": "IAPC",
            "coordinator": 3,
            "period": "Q4",
            "calendar_year": 2085,
            "course_code": "1564815632",
            "updated_associations": true,
            "updated_teacher": true,
            "materials": [],
            "sub_courses": [],
            "teachers": [
                17
            ]
        }
    },
    {
        "model": "steambird.course",
        "pk": 48,
        "fields": {
            "name": "Social Robot Design",
            "coordinator": 23,
            "period": "Q3",
            "calendar_year": 2018,
            "course_code": "201800235",
            "updated_associations": true,
            "updated_teacher": true,
            "materials": [],
            "sub_courses": [],
            "teachers": [
                18
            ]
        }
    },
    {
        "model": "steambird.course",
        "pk": 49,
        "fields": {
            "name": "Summer School for those dumb fucks",
            "coordinator": 13,
            "period": "Q5",
            "calendar_year": 1995,
            "course_code": "21546906854",
            "updated_associations": true,
            "updated_teacher": false,
            "materials": [],
            "sub_courses": [],
            "teachers": [
                8,
                24
            ]
        }
    },
    {
        "model": "steambird.course",
        "pk": 50,
        "fields": {
            "name": "This is a explicit test course to add to ITECH later",
            "coordinator": 4,
            "period": "Q3",
            "calendar_year": 2018,
            "course_code": "115545882",
            "updated_associations": true,
            "updated_teacher": false,
            "materials": [],
            "sub_courses": [],
            "teachers": [
                11,
                8
            ]
        }
    },
    {
        "model": "steambird.course",
        "pk": 51,
        "fields": {
            "name": "Test course for new Multi form add",
            "coordinator": 11,
            "period": "Q4",
            "calendar_year": 2023,
            "course_code": "87912315849123023",
            "updated_associations": true,
            "updated_teacher": false,
            "materials": [],
            "sub_courses": [],
            "teachers": []
        }
    },
    {
        "model": "steambird.course",
        "pk": 52,
        "fields": {
            "name": "Test Multi",
            "coordinator": 11,
            "period": "Q3",
            "calendar_year": 100,
            "course_code": "123",
            "updated_associations": true,
            "updated_teacher": false,
            "materials": [
                1
            ],
            "sub_courses": [],
            "teachers": [
                8
            ]
        }
    },
    {
        "model": "steambird.course",
        "pk": 55,
        "fields": {
            "name": "This is a explicit test course to add to ITECH later",
            "coordinator": 4,
            "period": "Q3",
            "calendar_year": 2018,
            "course_code": "115545882",
            "updated_associations": false,
            "updated_teacher": false,
            "materials": [],
            "sub_courses": [],
            "teachers": [
                18,
                11
            ]
        }
    },
    {
        "model": "steambird.course",
        "pk": 56,
        "fields": {
            "name": "This is a explicit test course to add to ITECH later",
            "coordinator": 4,
            "period": "Q3",
            "calendar_year": 2018,
            "course_code": "115545882",
            "updated_associations": false,
            "updated_teacher": false,
            "materials": [],
            "sub_courses": [],
            "teachers": [
                18,
                11
            ]
        }
    },
    {
        "model": "steambird.course",
        "pk": 57,
        "fields": {
            "name": "Q2 test_course",
            "coordinator": 8,
            "period": "Q2",
            "calendar_year": 2018,
            "course_code": "15649825",
            "updated_associations": true,
            "updated_teacher": false,
            "materials": [],
            "sub_courses": [],
            "teachers": [
                11
            ]
        }
    },
    {
        "model": "steambird.course",
        "pk": 58,
        "fields": {
            "name": "Y1, Year",
            "coordinator": 11,
            "period": "YEAR",
            "calendar_year": 2018,
            "course_code": "99999999999999999",
            "updated_associations": true,
            "updated_teacher": false,
            "materials": [],
            "sub_courses": [],
            "teachers": [
                8
            ]
        }
    },
    {
        "model": "steambird.course",
        "pk": 83,
        "fields": {
            "name": "Module 1: 1",
            "coordinator": 1,
            "period": "Q1",
            "calendar_year": 2018,
            "course_code": "1337000",
            "updated_associations": false,
            "updated_teacher": false,
            "materials": [],
            "sub_courses": [],
            "teachers": []
        }
    },
    {
        "model": "steambird.course",
        "pk": 84,
        "fields": {
            "name": "Module 2: 2",
            "coordinator": 1,
            "period": "Q2",
            "calendar_year": 2018,
            "course_code": "1337001",
            "updated_associations": false,
            "updated_teacher": false,
            "materials": [],
            "sub_courses": [],
            "teachers": []
        }
    },
    {
        "model": "steambird.course",
        "pk": 85,
        "fields": {
            "name": "Module 3: 3",
            "coordinator": 1,
            "period": "Q3",
            "calendar_year": 2018,
            "course_code": "1337002",
            "updated_associations": false,
            "updated_teacher": false,
            "materials": [],
            "sub_courses": [],
            "teachers": []
        }
    },
    {
        "model": "steambird.course",
        "pk": 86,
        "fields": {
            "name": "Module 4: 4",
            "coordinator": 1,
            "period": "Q4",
            "calendar_year": 2018,
            "course_code": "1337003",
            "updated_associations": false,
            "updated_teacher": false,
            "materials": [],
            "sub_courses": [],
            "teachers": []
        }
    },
    {
        "model": "steambird.course",
        "pk": 87,
        "fields": {
            "name": "Module 5: 5",
            "coordinator": 1,
            "period": "Q1",
            "calendar_year": 2018,
            "course_code": "1337004",
            "updated_associations": false,
            "updated_teacher": false,
            "materials": [],
            "sub_courses": [],
            "teachers": []
        }
    },
    {
        "model": "steambird.course",
        "pk": 88,
        "fields": {
            "name": "Module 6: 6",
            "coordinator": 1,
            "period": "Q2",
            "calendar_year": 2018,
            "course_code": "1337005",
            "updated_associations": false,
            "updated_teacher": false,
            "materials": [],
            "sub_courses": [],
            "teachers": []
        }
    },
    {
        "model": "steambird.course",
        "pk": 89,
        "fields": {
            "name": "Module 7: 7",
            "coordinator": 1,
            "period": "Q3",
            "calendar_year": 2018,
            "course_code": "1337006",
            "updated_associations": false,
            "updated_teacher": false,
            "materials": [],
            "sub_courses": [],
            "teachers": []
        }
    },
    {
        "model": "steambird.course",
        "pk": 90,
        "fields": {
            "name": "Module 8: 8",
            "coordinator": 1,
            "period": "Q4",
            "calendar_year": 2018,
            "course_code": "1337007",
            "updated_associations": false,
            "updated_teacher": false,
            "materials": [],
            "sub_courses": [],
            "teachers": []
        }
    },
    {
        "model": "steambird.course",
        "pk": 91,
        "fields": {
            "name": "Module 9: 9",
            "coordinator": 1,
            "period": "Q1",
            "calendar_year": 2018,
            "course_code": "1337008",
            "updated_associations": false,
            "updated_teacher": false,
            "materials": [],
            "sub_courses": [],
            "teachers": []
        }
    },
    {
        "model": "steambird.course",
        "pk": 92,
        "fields": {
            "name": "Module 10: 10",
            "coordinator": 1,
            "period": "Q2",
            "calendar_year": 2018,
            "course_code": "1337009",
            "updated_associations": false,
            "updated_teacher": false,
            "materials": [],
            "sub_courses": [],
            "teachers": []
        }
    },
    {
        "model": "steambird.course",
        "pk": 93,
        "fields": {
            "name": "Module 11: 11",
            "coordinator": 1,
            "period": "Q3",
            "calendar_year": 2018,
            "course_code": "13370010",
            "updated_associations": false,
            "updated_teacher": false,
            "materials": [],
            "sub_courses": [],
            "teachers": []
        }
    },
    {
        "model": "steambird.course",
        "pk": 94,
        "fields": {
            "name": "Module 12: 12",
            "coordinator": 1,
            "period": "Q4",
            "calendar_year": 2018,
            "course_code": "13370011",
            "updated_associations": false,
            "updated_teacher": false,
            "materials": [],
            "sub_courses": [],
            "teachers": []
        }
    },
    {
        "model": "steambird.course",
        "pk": 95,
        "fields": {
            "name": "Some test course",
            "coordinator": 8,
            "period": "Q3",
            "calendar_year": 2018,
            "course_code": "New Course",
            "updated_associations": false,
            "updated_teacher": false,
            "materials": [],
            "sub_courses": [],
            "teachers": [
                11
            ]
        }
    },
    {
        "model": "steambird.studymaterialedition",
        "pk": 1,
        "fields": {
            "polymorphic_ctype": 16,
            "name": "Philosophy Of Technology",
            "material_type": null
        }
    },
    {
        "model": "steambird.studymaterialedition",
        "pk": 2,
        "fields": {
            "polymorphic_ctype": 16,
            "name": "Computer-Controlled Systems",
            "material_type": null
        }
    },
    {
        "model": "steambird.studymaterialedition",
        "pk": 4,
        "fields": {
            "polymorphic_ctype": 16,
            "name": "Digital Control Of Dynamic Systems",
            "material_type": null
        }
    },
    {
        "model": "steambird.studymaterialedition",
        "pk": 5,
        "fields": {
            "polymorphic_ctype": 16,
            "name": "Digital Control Of Dynamic Systems",
            "material_type": null
        }
    },
    {
        "model": "steambird.studymaterialedition",
        "pk": 8,
        "fields": {
            "polymorphic_ctype": 16,
            "name": "The Hunger Games",
            "material_type": null
        }
    },
    {
        "model": "steambird.studymaterialedition",
        "pk": 9,
        "fields": {
            "polymorphic_ctype": 18,
            "name": "Stochastic language generation for spoken dialogue systems",
            "material_type": null
        }
    },
    {
        "model": "steambird.studymaterialedition",
        "pk": 10,
        "fields": {
            "polymorphic_ctype": 18,
            "name": "Cheap food or friendly staff? Weighting hierarchical aspects in the restaurant domain",
            "material_type": null
        }
    },
    {
        "model": "steambird.studymaterialedition",
        "pk": 15,
        "fields": {
            "polymorphic_ctype": 18,
            "name": "Collective knowledge systems: Where the Social Web meets the Semantic Web",
            "material_type": null
        }
    },
    {
        "model": "steambird.studymaterialedition",
        "pk": 16,
        "fields": {
            "polymorphic_ctype": 18,
            "name": "Automatically Answering Questions With Nature Languages",
            "material_type": null
        }
    },
    {
        "model": "steambird.book",
        "pk": 1,
        "fields": {
            "ISBN": "9781118547250",
            "author": "Robert C. Scharff, Val Dusek",
            "img": null,
            "year_of_publishing": 2014,
            "edition": "-1"
        }
    },
    {
        "model": "steambird.book",
        "pk": 2,
        "fields": {
            "ISBN": "9780486486130",
            "author": "Karl Johan \u00c5str\u00f6m, Bj\u00f6rn Wittenmark",
            "img": null,
            "year_of_publishing": 2011,
            "edition": "-1"
        }
    },
    {
        "model": "steambird.book",
        "pk": 4,
        "fields": {
            "ISBN": "9781627057080",
            "author": "GENE F AUTOR FRANKLIN, J. DAVID AUTOR POWELL, MICHAEL L AUTOR WORKMAN",
            "img": null,
            "year_of_publishing": 1998,
            "edition": ""
        }
    },
    {
        "model": "steambird.book",
        "pk": 5,
        "fields": {
            "ISBN": "9780201820546",
            "author": "GENE F AUTOR FRANKLIN, J. DAVID AUTOR POWELL, MICHAEL L AUTOR WORKMAN",
            "img": null,
            "year_of_publishing": 1998,
            "edition": ""
        }
    },
    {
        "model": "steambird.book",
        "pk": 8,
        "fields": {
            "ISBN": "9780439023528",
            "author": "Suzanne Collins",
            "img": "http://books.google.com/books/content?id=hlb_sM1AN0gC&printsec=frontcover&img=1&zoom=1&edge=curl&source=gbs_api",
            "year_of_publishing": 2008,
            "edition": "yes\ud83d\ude09"
        }
    },
    {
        "model": "steambird.scientificarticle",
        "pk": 9,
        "fields": {
            "DOI": "10.3115/1605285.1605291",
            "author": "Alice H. Oh, Alexander I. Rudnicky",
            "year_of_publishing": 2000,
            "url": "http://dx.doi.org/10.3115/1605285.1605291"
        }
    },
    {
        "model": "steambird.scientificarticle",
        "pk": 10,
        "fields": {
            "DOI": "10.1109/mercon.2016.7480110",
            "author": "R. Panchendrarajan, B. Murugaiah, S. Prakhash, M. N. Nazick Ahamed, S. Ranathunga, A. Pemasiri",
            "year_of_publishing": 2016,
            "url": "http://dx.doi.org/10.1109/mercon.2016.7480110"
        }
    },
    {
        "model": "steambird.scientificarticle",
        "pk": 15,
        "fields": {
            "DOI": "10.1016/j.websem.2007.11.011",
            "author": "Tom Gruber",
            "year_of_publishing": 2008,
            "url": "http://dx.doi.org/10.1016/j.websem.2007.11.011"
        }
    },
    {
        "model": "steambird.scientificarticle",
        "pk": 16,
        "fields": {
            "DOI": "10.1109/icsai.2018.8599337",
            "author": "Hai-Tao Zheng, Jin-Yuan Chen, Zuo-You Fu, Zi-Han Xu, Cong-Zhi Zhao",
            "year_of_publishing": 2018,
            "url": "http://dx.doi.org/10.1109/icsai.2018.8599337"
        }
    },
    {
        "model": "steambird.msp",
        "pk": 1,
        "fields": {
            "mandatory": true,
            "teachers": [
                1
            ]
        }
    },
    {
        "model": "steambird.config",
        "pk": 1,
        "fields": {
            "year": 2018,
            "period": "Q1"
        }
    }
]